"Status","Start Time","Stop Time","Duration in ms","Parent Suite","Suite","Sub Suite","Test Class","Test Method","Name","Description"
"passed","Sun Jun 30 07:37:00 IST 2024","Sun Jun 30 07:37:18 IST 2024","18466","tests.SegmentGenerator","MCR_Segment_Prompt_Testing","","","","test_Segment_Generator[test_case10]",""
"passed","Sun Jun 30 08:17:11 IST 2024","Sun Jun 30 08:17:51 IST 2024","40469","tests.SegmentGenerator","MCR_Segment_Prompt_Testing","","","","test_Segment_Generator[test_case71]",""
"passed","Sun Jun 30 08:05:29 IST 2024","Sun Jun 30 08:06:14 IST 2024","45505","tests.SegmentGenerator","MCR_Segment_Prompt_Testing","","","","test_Segment_Generator[test_case55]",""
"passed","Sun Jun 30 08:13:32 IST 2024","Sun Jun 30 08:14:33 IST 2024","61269","tests.SegmentGenerator","MCR_Segment_Prompt_Testing","","","","test_Segment_Generator[test_case66]",""
"passed","Sun Jun 30 07:49:30 IST 2024","Sun Jun 30 07:50:12 IST 2024","42118","tests.SegmentGenerator","MCR_Segment_Prompt_Testing","","","","test_Segment_Generator[test_case31]",""
"passed","Sun Jun 30 07:38:37 IST 2024","Sun Jun 30 07:39:14 IST 2024","37120","tests.SegmentGenerator","MCR_Segment_Prompt_Testing","","","","test_Segment_Generator[test_case14]",""
"passed","Sun Jun 30 07:56:44 IST 2024","Sun Jun 30 07:57:31 IST 2024","47690","tests.SegmentGenerator","MCR_Segment_Prompt_Testing","","","","test_Segment_Generator[test_case42]",""
"passed","Sun Jun 30 08:05:02 IST 2024","Sun Jun 30 08:05:29 IST 2024","26582","tests.SegmentGenerator","MCR_Segment_Prompt_Testing","","","","test_Segment_Generator[test_case54]",""
"passed","Sun Jun 30 08:22:28 IST 2024","Sun Jun 30 08:22:55 IST 2024","26943","tests.SegmentGenerator","MCR_Segment_Prompt_Testing","","","","test_Segment_Generator[test_case79]",""
"passed","Sun Jun 30 08:22:55 IST 2024","Sun Jun 30 08:23:24 IST 2024","29527","tests.SegmentGenerator","MCR_Segment_Prompt_Testing","","","","test_Segment_Generator[test_case80]",""
"passed","Sun Jun 30 08:09:21 IST 2024","Sun Jun 30 08:09:54 IST 2024","32716","tests.SegmentGenerator","MCR_Segment_Prompt_Testing","","","","test_Segment_Generator[test_case61]",""
"passed","Sun Jun 30 08:14:33 IST 2024","Sun Jun 30 08:15:21 IST 2024","47883","tests.SegmentGenerator","MCR_Segment_Prompt_Testing","","","","test_Segment_Generator[test_case67]",""
"passed","Sun Jun 30 07:55:33 IST 2024","Sun Jun 30 07:56:44 IST 2024","70351","tests.SegmentGenerator","MCR_Segment_Prompt_Testing","","","","test_Segment_Generator[test_case41]",""
"passed","Sun Jun 30 07:47:49 IST 2024","Sun Jun 30 07:48:29 IST 2024","39904","tests.SegmentGenerator","MCR_Segment_Prompt_Testing","","","","test_Segment_Generator[test_case28]",""
"passed","Sun Jun 30 07:59:30 IST 2024","Sun Jun 30 08:00:31 IST 2024","60625","tests.SegmentGenerator","MCR_Segment_Prompt_Testing","","","","test_Segment_Generator[test_case46]",""
"passed","Sun Jun 30 07:47:10 IST 2024","Sun Jun 30 07:47:49 IST 2024","39611","tests.SegmentGenerator","MCR_Segment_Prompt_Testing","","","","test_Segment_Generator[test_case27]",""
"passed","Sun Jun 30 07:46:03 IST 2024","Sun Jun 30 07:46:33 IST 2024","30407","tests.SegmentGenerator","MCR_Segment_Prompt_Testing","","","","test_Segment_Generator[test_case25]",""
"passed","Sun Jun 30 07:48:29 IST 2024","Sun Jun 30 07:48:54 IST 2024","25142","tests.SegmentGenerator","MCR_Segment_Prompt_Testing","","","","test_Segment_Generator[test_case29]",""
"passed","Sun Jun 30 08:08:39 IST 2024","Sun Jun 30 08:09:21 IST 2024","42168","tests.SegmentGenerator","MCR_Segment_Prompt_Testing","","","","test_Segment_Generator[test_case60]",""
"passed","Sun Jun 30 07:52:44 IST 2024","Sun Jun 30 07:53:14 IST 2024","30434","tests.SegmentGenerator","MCR_Segment_Prompt_Testing","","","","test_Segment_Generator[test_case36]",""
"passed","Sun Jun 30 07:39:31 IST 2024","Sun Jun 30 07:39:50 IST 2024","18502","tests.SegmentGenerator","MCR_Segment_Prompt_Testing","","","","test_Segment_Generator[test_case16]",""
"passed","Sun Jun 30 07:33:01 IST 2024","Sun Jun 30 07:33:14 IST 2024","12461","tests.SegmentGenerator","MCR_Segment_Prompt_Testing","","","","test_Segment_Generator[test_case1]",""
"passed","Sun Jun 30 07:39:50 IST 2024","Sun Jun 30 07:40:10 IST 2024","20569","tests.SegmentGenerator","MCR_Segment_Prompt_Testing","","","","test_Segment_Generator[test_case17]",""
"passed","Sun Jun 30 07:40:10 IST 2024","Sun Jun 30 07:40:50 IST 2024","39981","tests.SegmentGenerator","MCR_Segment_Prompt_Testing","","","","test_Segment_Generator[test_case18]",""
"passed","Sun Jun 30 07:53:14 IST 2024","Sun Jun 30 07:53:52 IST 2024","37432","tests.SegmentGenerator","MCR_Segment_Prompt_Testing","","","","test_Segment_Generator[test_case37]",""
"passed","Sun Jun 30 08:00:31 IST 2024","Sun Jun 30 08:01:10 IST 2024","39341","tests.SegmentGenerator","MCR_Segment_Prompt_Testing","","","","test_Segment_Generator[test_case47]",""
"passed","Sun Jun 30 08:01:59 IST 2024","Sun Jun 30 08:02:27 IST 2024","28673","tests.SegmentGenerator","MCR_Segment_Prompt_Testing","","","","test_Segment_Generator[test_case49]",""
"passed","Sun Jun 30 07:36:43 IST 2024","Sun Jun 30 07:37:00 IST 2024","16678","tests.SegmentGenerator","MCR_Segment_Prompt_Testing","","","","test_Segment_Generator[test_case9]",""
"passed","Sun Jun 30 08:23:24 IST 2024","Sun Jun 30 08:23:54 IST 2024","30211","tests.SegmentGenerator","MCR_Segment_Prompt_Testing","","","","test_Segment_Generator[test_case81]",""
"passed","Sun Jun 30 08:18:32 IST 2024","Sun Jun 30 08:19:11 IST 2024","38410","tests.SegmentGenerator","MCR_Segment_Prompt_Testing","","","","test_Segment_Generator[test_case73]",""
"passed","Sun Jun 30 08:01:10 IST 2024","Sun Jun 30 08:01:59 IST 2024","48410","tests.SegmentGenerator","MCR_Segment_Prompt_Testing","","","","test_Segment_Generator[test_case48]",""
"passed","Sun Jun 30 07:32:45 IST 2024","Sun Jun 30 07:33:01 IST 2024","16336","tests.SegmentGenerator","MCR_Segment_Prompt_Testing","","","","test_Segment_Generator[test_case0]",""
"passed","Sun Jun 30 08:20:28 IST 2024","Sun Jun 30 08:21:03 IST 2024","35064","tests.SegmentGenerator","MCR_Segment_Prompt_Testing","","","","test_Segment_Generator[test_case76]",""
"passed","Sun Jun 30 08:17:51 IST 2024","Sun Jun 30 08:18:32 IST 2024","40885","tests.SegmentGenerator","MCR_Segment_Prompt_Testing","","","","test_Segment_Generator[test_case72]",""
"passed","Sun Jun 30 08:06:53 IST 2024","Sun Jun 30 08:07:29 IST 2024","36304","tests.SegmentGenerator","MCR_Segment_Prompt_Testing","","","","test_Segment_Generator[test_case57]",""
"passed","Sun Jun 30 07:54:27 IST 2024","Sun Jun 30 07:55:00 IST 2024","32946","tests.SegmentGenerator","MCR_Segment_Prompt_Testing","","","","test_Segment_Generator[test_case39]",""
"passed","Sun Jun 30 08:15:47 IST 2024","Sun Jun 30 08:16:29 IST 2024","41961","tests.SegmentGenerator","MCR_Segment_Prompt_Testing","","","","test_Segment_Generator[test_case69]",""
"passed","Sun Jun 30 07:51:01 IST 2024","Sun Jun 30 07:51:30 IST 2024","28691","tests.SegmentGenerator","MCR_Segment_Prompt_Testing","","","","test_Segment_Generator[test_case33]",""
"passed","Sun Jun 30 07:37:58 IST 2024","Sun Jun 30 07:38:37 IST 2024","39151","tests.SegmentGenerator","MCR_Segment_Prompt_Testing","","","","test_Segment_Generator[test_case13]",""
"passed","Sun Jun 30 08:21:49 IST 2024","Sun Jun 30 08:22:28 IST 2024","39164","tests.SegmentGenerator","MCR_Segment_Prompt_Testing","","","","test_Segment_Generator[test_case78]",""
"passed","Sun Jun 30 08:03:38 IST 2024","Sun Jun 30 08:04:10 IST 2024","31678","tests.SegmentGenerator","MCR_Segment_Prompt_Testing","","","","test_Segment_Generator[test_case52]",""
"passed","Sun Jun 30 08:19:56 IST 2024","Sun Jun 30 08:20:28 IST 2024","31512","tests.SegmentGenerator","MCR_Segment_Prompt_Testing","","","","test_Segment_Generator[test_case75]",""
"passed","Sun Jun 30 07:36:12 IST 2024","Sun Jun 30 07:36:43 IST 2024","31372","tests.SegmentGenerator","MCR_Segment_Prompt_Testing","","","","test_Segment_Generator[test_case8]",""
"passed","Sun Jun 30 07:52:03 IST 2024","Sun Jun 30 07:52:44 IST 2024","40723","tests.SegmentGenerator","MCR_Segment_Prompt_Testing","","","","test_Segment_Generator[test_case35]",""
"passed","Sun Jun 30 07:39:15 IST 2024","Sun Jun 30 07:39:31 IST 2024","16576","tests.SegmentGenerator","MCR_Segment_Prompt_Testing","","","","test_Segment_Generator[test_case15]",""
"passed","Sun Jun 30 07:40:50 IST 2024","Sun Jun 30 07:41:28 IST 2024","37870","tests.SegmentGenerator","MCR_Segment_Prompt_Testing","","","","test_Segment_Generator[test_case19]",""
"passed","Sun Jun 30 08:02:27 IST 2024","Sun Jun 30 08:02:56 IST 2024","28357","tests.SegmentGenerator","MCR_Segment_Prompt_Testing","","","","test_Segment_Generator[test_case50]",""
"passed","Sun Jun 30 07:37:37 IST 2024","Sun Jun 30 07:37:58 IST 2024","20830","tests.SegmentGenerator","MCR_Segment_Prompt_Testing","","","","test_Segment_Generator[test_case12]",""
"passed","Sun Jun 30 08:06:14 IST 2024","Sun Jun 30 08:06:52 IST 2024","38360","tests.SegmentGenerator","MCR_Segment_Prompt_Testing","","","","test_Segment_Generator[test_case56]",""
"passed","Sun Jun 30 07:55:00 IST 2024","Sun Jun 30 07:55:33 IST 2024","33207","tests.SegmentGenerator","MCR_Segment_Prompt_Testing","","","","test_Segment_Generator[test_case40]",""
"passed","Sun Jun 30 08:23:54 IST 2024","Sun Jun 30 08:24:28 IST 2024","33851","tests.SegmentGenerator","MCR_Segment_Prompt_Testing","","","","test_Segment_Generator[test_case82]",""
"passed","Sun Jun 30 07:34:20 IST 2024","Sun Jun 30 07:34:38 IST 2024","18153","tests.SegmentGenerator","MCR_Segment_Prompt_Testing","","","","test_Segment_Generator[test_case5]",""
"passed","Sun Jun 30 08:02:56 IST 2024","Sun Jun 30 08:03:38 IST 2024","42302","tests.SegmentGenerator","MCR_Segment_Prompt_Testing","","","","test_Segment_Generator[test_case51]",""
"passed","Sun Jun 30 07:42:56 IST 2024","Sun Jun 30 07:43:43 IST 2024","46523","tests.SegmentGenerator","MCR_Segment_Prompt_Testing","","","","test_Segment_Generator[test_case21]",""
"passed","Sun Jun 30 07:51:30 IST 2024","Sun Jun 30 07:52:03 IST 2024","32951","tests.SegmentGenerator","MCR_Segment_Prompt_Testing","","","","test_Segment_Generator[test_case34]",""
"passed","Sun Jun 30 07:34:02 IST 2024","Sun Jun 30 07:34:20 IST 2024","17561","tests.SegmentGenerator","MCR_Segment_Prompt_Testing","","","","test_Segment_Generator[test_case4]",""
"passed","Sun Jun 30 07:57:31 IST 2024","Sun Jun 30 07:58:30 IST 2024","58680","tests.SegmentGenerator","MCR_Segment_Prompt_Testing","","","","test_Segment_Generator[test_case43]",""
"passed","Sun Jun 30 08:16:29 IST 2024","Sun Jun 30 08:17:11 IST 2024","41968","tests.SegmentGenerator","MCR_Segment_Prompt_Testing","","","","test_Segment_Generator[test_case70]",""
"passed","Sun Jun 30 07:58:30 IST 2024","Sun Jun 30 07:58:58 IST 2024","27589","tests.SegmentGenerator","MCR_Segment_Prompt_Testing","","","","test_Segment_Generator[test_case44]",""
"passed","Sun Jun 30 08:19:11 IST 2024","Sun Jun 30 08:19:56 IST 2024","45352","tests.SegmentGenerator","MCR_Segment_Prompt_Testing","","","","test_Segment_Generator[test_case74]",""
"passed","Sun Jun 30 08:21:03 IST 2024","Sun Jun 30 08:21:49 IST 2024","45822","tests.SegmentGenerator","MCR_Segment_Prompt_Testing","","","","test_Segment_Generator[test_case77]",""
"passed","Sun Jun 30 07:58:58 IST 2024","Sun Jun 30 07:59:30 IST 2024","32669","tests.SegmentGenerator","MCR_Segment_Prompt_Testing","","","","test_Segment_Generator[test_case45]",""
"passed","Sun Jun 30 07:35:31 IST 2024","Sun Jun 30 07:36:12 IST 2024","40493","tests.SegmentGenerator","MCR_Segment_Prompt_Testing","","","","test_Segment_Generator[test_case7]",""
"passed","Sun Jun 30 08:07:29 IST 2024","Sun Jun 30 08:08:10 IST 2024","41556","tests.SegmentGenerator","MCR_Segment_Prompt_Testing","","","","test_Segment_Generator[test_case58]",""
"passed","Sun Jun 30 08:15:21 IST 2024","Sun Jun 30 08:15:47 IST 2024","25633","tests.SegmentGenerator","MCR_Segment_Prompt_Testing","","","","test_Segment_Generator[test_case68]",""
"passed","Sun Jun 30 07:34:38 IST 2024","Sun Jun 30 07:35:31 IST 2024","53232","tests.SegmentGenerator","MCR_Segment_Prompt_Testing","","","","test_Segment_Generator[test_case6]",""
"passed","Sun Jun 30 07:48:54 IST 2024","Sun Jun 30 07:49:30 IST 2024","35319","tests.SegmentGenerator","MCR_Segment_Prompt_Testing","","","","test_Segment_Generator[test_case30]",""
"passed","Sun Jun 30 07:50:12 IST 2024","Sun Jun 30 07:51:01 IST 2024","49694","tests.SegmentGenerator","MCR_Segment_Prompt_Testing","","","","test_Segment_Generator[test_case32]",""
"passed","Sun Jun 30 07:46:33 IST 2024","Sun Jun 30 07:47:10 IST 2024","36513","tests.SegmentGenerator","MCR_Segment_Prompt_Testing","","","","test_Segment_Generator[test_case26]",""
"passed","Sun Jun 30 08:12:37 IST 2024","Sun Jun 30 08:13:32 IST 2024","55164","tests.SegmentGenerator","MCR_Segment_Prompt_Testing","","","","test_Segment_Generator[test_case65]",""
"passed","Sun Jun 30 07:41:28 IST 2024","Sun Jun 30 07:42:56 IST 2024","87923","tests.SegmentGenerator","MCR_Segment_Prompt_Testing","","","","test_Segment_Generator[test_case20]",""
"passed","Sun Jun 30 07:33:14 IST 2024","Sun Jun 30 07:33:36 IST 2024","22001","tests.SegmentGenerator","MCR_Segment_Prompt_Testing","","","","test_Segment_Generator[test_case2]",""
"passed","Sun Jun 30 07:45:00 IST 2024","Sun Jun 30 07:45:22 IST 2024","22308","tests.SegmentGenerator","MCR_Segment_Prompt_Testing","","","","test_Segment_Generator[test_case23]",""
"passed","Sun Jun 30 08:11:32 IST 2024","Sun Jun 30 08:12:37 IST 2024","64749","tests.SegmentGenerator","MCR_Segment_Prompt_Testing","","","","test_Segment_Generator[test_case64]",""
"passed","Sun Jun 30 07:53:52 IST 2024","Sun Jun 30 07:54:27 IST 2024","35228","tests.SegmentGenerator","MCR_Segment_Prompt_Testing","","","","test_Segment_Generator[test_case38]",""
"passed","Sun Jun 30 07:43:43 IST 2024","Sun Jun 30 07:45:00 IST 2024","77164","tests.SegmentGenerator","MCR_Segment_Prompt_Testing","","","","test_Segment_Generator[test_case22]",""
"passed","Sun Jun 30 08:10:36 IST 2024","Sun Jun 30 08:11:32 IST 2024","56394","tests.SegmentGenerator","MCR_Segment_Prompt_Testing","","","","test_Segment_Generator[test_case63]",""
"passed","Sun Jun 30 08:08:10 IST 2024","Sun Jun 30 08:08:39 IST 2024","28259","tests.SegmentGenerator","MCR_Segment_Prompt_Testing","","","","test_Segment_Generator[test_case59]",""
"passed","Sun Jun 30 08:09:54 IST 2024","Sun Jun 30 08:10:36 IST 2024","42221","tests.SegmentGenerator","MCR_Segment_Prompt_Testing","","","","test_Segment_Generator[test_case62]",""
"passed","Sun Jun 30 08:04:10 IST 2024","Sun Jun 30 08:05:02 IST 2024","52359","tests.SegmentGenerator","MCR_Segment_Prompt_Testing","","","","test_Segment_Generator[test_case53]",""
"passed","Sun Jun 30 07:37:18 IST 2024","Sun Jun 30 07:37:37 IST 2024","18921","tests.SegmentGenerator","MCR_Segment_Prompt_Testing","","","","test_Segment_Generator[test_case11]",""
"passed","Sun Jun 30 07:45:22 IST 2024","Sun Jun 30 07:46:03 IST 2024","40603","tests.SegmentGenerator","MCR_Segment_Prompt_Testing","","","","test_Segment_Generator[test_case24]",""
"passed","Sun Jun 30 07:33:36 IST 2024","Sun Jun 30 07:34:02 IST 2024","26610","tests.SegmentGenerator","MCR_Segment_Prompt_Testing","","","","test_Segment_Generator[test_case3]",""
